id,name,clubNumber,district,country,city,website,meetingDay,localTime,timezone,durationMin,frequency,format,language,zoomLink,contactName,contactEmail,guestPolicy,guestsMaySpeak,visitorsMayTakeRoles,specialty,classification,activity,notes,sourceUrl,verified,lastVerified,verificationLevel,region
"freddys-forum-fl","Freddy's Forum Toastmasters Club","00005173","D47","United States","West Palm Beach","https://freddysforum.toastmastersclubs.org/","Friday","12:00","America/New_York","60","weekly","hybrid","English","","","","Guests welcome free; email club for Zoom meeting link","","","general","PRACTICE","","D47 Area 42/Division D per official D47 club list. cross-referenced with official Toastmasters District 47 club list (toastmastersd47.org/district-47-clubs)","https://www.toastmasters.org/Find-a-Club/00005173-00005173","true","2026-09-25","official","United States"
"south-florida-pmi-fl","South Florida PMI Toastmasters","07840560","D47","United States","Miramar","https://7840560.toastmastersclubs.org/","Wednesday","18:30","America/New_York","60","2nd & 4th Wednesday","hybrid","English","","","","No pressure to participate until comfortable","","","professional","PROFESSIONAL","","Project Management Institute affiliated club. cross-referenced with official Toastmasters District 47 club list (toastmastersd47.org/district-47-clubs)","https://www.toastmasters.org/Find-a-Club/07840560-south-florida-pmi-toastmasters","true","2026-09-25","official","United States"
"florida-blue-fl","Florida Blue Toastmasters Club","02525706","D84","United States","Jacksonville","https://floridablue.toastmastersclubs.org/","Wednesday","12:00","America/New_York","60","weekly","hybrid","English","","","","Visitors welcome free; may have professional/educational prerequisites for membership","","","business","PRACTICE","","Area A11. May be primarily for Florida Blue employees/affiliates; confirm guest access before attending.","https://www.toastmasters.org/Find-a-Club/02525706-floridabluetoastmastersclub","true","2026-09-25","official","United States"
"daytona-beach-fl","Daytona Beach Toastmasters Club","00001134","D84","United States","Daytona Beach","https://daytonabeachtm.toastmastersclubs.org/","Monday","18:00","America/New_York","60","weekly","hybrid","English","","","","Guests welcome free, no obligation to participate","","","general","PRACTICE","","Area B20.","https://www.toastmasters.org/Find-a-Club/00001134-daytona-beach-toastmasters-club","true","2026-09-25","official","United States"
"bartow-fl","Bartow Toastmasters Club","00743985","","United States","Bartow","http://bartow.toastmastersclubs.org/","Tuesday","18:00","America/New_York","60","2nd & 4th Tuesday","hybrid","English","https://us02web.zoom.us/j/8210124147","","","Free guest visits, no obligation","","","general","PRACTICE","","Official page listed 'Area D46'; district number not explicit.","https://www.toastmasters.org/Find-a-Club/00743985-bartow-toastmasters-club","true","2026-09-25","official","United States"
"miami-dade-fl","Miami Dade Toastmasters Club","00008251","D47","United States","Miami (Brickell)","https://8251.toastmastersclubs.org/","Wednesday","12:00","America/New_York","60","2nd & 4th Wednesday","online","English","https://zoom.us/j/5676169143","","","Membership open to all; online attendance allowed","","","general","PRACTICE","","Area E51. cross-referenced with official Toastmasters District 47 club list (toastmastersd47.org/district-47-clubs)","https://www.toastmasters.org/Find-a-Club/8251-miami-dade-toastmasters-club","true","2026-09-25","official","United States"
"north-miami-beach-fl","North Miami Beach Toastmasters Club","00003840","D47","United States","North Miami Beach","https://3840.toastmastersclubs.org/","Tuesday","18:30","America/New_York","60","weekly","online","English","","","","Online attendance available regardless of location","","","general","PRACTICE","","Area A14. cross-referenced with official Toastmasters District 47 club list (toastmastersd47.org/district-47-clubs)","https://www.toastmasters.org/Find-a-Club/3840-north-miami-beach-toastmasters-club","true","2026-09-25","official","United States"
"metropolitan-ministries-fl","Metropolitan Ministries Toastmasters","02475269","","United States","Tampa","","Friday","12:00","America/New_York","60","weekly (1st & 3rd Friday in-person; other Fridays via Microsoft Teams)","hybrid","English","","","","Contact club prior to attending","","","general","PRACTICE","","Area C31. NOTE: online sessions use Microsoft Teams, not Zoom.","https://www.toastmasters.org/Find-a-Club/02475269-02475269","true","2026-09-25","official","United States"
"tallahassee-fl","Tallahassee Toastmasters Club","00001135","","United States","Tallahassee","https://tallahassee.toastmastersclubs.org/","Tuesday","12:00","America/New_York","60","weekly","hybrid","English","","","","Guest visits welcome, no pressure to participate","","","general","PRACTICE","","Area F63.","https://www.toastmasters.org/Find-a-Club/00001135-tallahassee-toastmasters-club","true","2026-09-25","official","United States"
"superior-speakers-advanced-fl","Superior Speakers Advanced Club","28676723","D47","United States","Lake Worth","https://superiorspeakers.org","Wednesday","20:00","America/New_York","60","weekly","online","English","","","","","","","advanced","ADVANCED","","City/format/club# cross-verified via official D47 club list (Area 43/Division D); day/time via toastmost.org directory (toastmost.org Online Toastmasters Club Directory (aggregator; day/time as shown, cross-linked to club's own site); club's own toastmastersclubs.org page could not be directly fetched in this session).","https://www.toastmastersd47.org/district-47-clubs/","true","2026-09-25","district","United States"
"west-pines-fl","West Pines Toastmasters Club","06003592","D47","United States","Pembroke Pines","https://westpinestoastmasters.toastmost.org/","Wednesday","18:30","America/New_York","60","weekly","hybrid","English","","","","","","","general","PRACTICE","","City/format/club# cross-verified via official D47 club list (Area 12/Division A); day/time via toastmost.org directory.","https://www.toastmastersd47.org/district-47-clubs/","true","2026-09-25","district","United States"
"bold-communicators-fl","Bold Communicators Club","04555744","D47","United States","Doral","https://4555744.toastmastersclubs.org","Monday","19:00","America/New_York","60","1st Monday","online","English","","","","","","","general","PRACTICE","","City/format/club# cross-verified via official D47 club list (Area 52/Division E); day/time via toastmost.org directory.","https://www.toastmastersd47.org/district-47-clubs/","true","2026-09-25","district","United States"
"phoenix-toastmasters-az","Phoenix Toastmasters","00003900","D3","United States","Phoenix","https://phoenixaz.toastmastersclubs.org","Thursday","12:10","America/Phoenix","60","weekly","hybrid","English","","","","Open to all interested parties; online attendance allowed","","","general","PRACTICE","","Area B01.","https://www.toastmasters.org/Find-a-Club/00003900-phoenix-toastmasters","true","2026-09-25","official","United States"
"boston-toastmasters-ma","Boston Toastmasters","00001074","","United States","Boston","https://bostontoastmasters.org","Tuesday","18:15","America/New_York","60","weekly","online","English","","","","Online, all guests welcome; NO WALK-INS - register in advance","","","general","PRACTICE","","Area G75.","https://www.toastmasters.org/Find-a-Club/00001074-boston-toastmasters","true","2026-09-25","official","United States"
"speakeasy-downtown-dc","Speakeasy in Downtown DC","01365958","","United States","Washington","http://uspeakeasy.toastmastersclubs.org/","Monday","19:00","America/New_York","60","2nd & 4th Monday","hybrid","English","","","","","","","general","PRACTICE","","Area D41.","https://www.toastmasters.org/Find-a-Club/1365958-1365958","true","2026-09-25","official","United States"
"federal-toastmasters-dc","Federal Toastmasters Club","00001037","","United States","Washington","http://1037.toastmastersclubs.org/","Wednesday","12:00","America/New_York","60","weekly","hybrid","English","","","","Accommodates remote participation for those unable to attend in person","","","general","PRACTICE","","Page listed 'District 220, Area F62' verbatim (unusual district code, unverified).","https://www.toastmasters.org/Find-a-Club/00001037-federal-toastmasters-club","true","2026-09-25","official","United States"
"chicago-toastmasters-il","Chicago Toastmasters","00003559","D30","United States","Chicago","","Thursday","12:00","America/Chicago","60","1st & 3rd Thursday","online","English","https://us06web.zoom.us/j/81957302226?pwd=SnpyYXoxTkpuMmthUTVRTm1aejhmQT09","","","Online attendance allowed; free guest visits","","","general","PRACTICE","","Area C33. Currently meeting online only; hybrid option available.","https://www.toastmasters.org/find-a-club/00003559-chicagotoastmasters","true","2026-09-25","official","United States"
"san-francisco-toastmasters-ca","San Francisco Toastmasters","00001771","","United States","San Francisco","http://www.sf-toastmasters.org/","Wednesday","18:15","America/Los_Angeles","60","weekly","hybrid","English","","","","","","","general","PRACTICE","","Area B23. Meetings alternate between online and in-person; confirm which format for a given week before attending virtually.","https://www.toastmasters.org/Find-a-Club/1771-san-francisco-toastmasters","true","2026-09-25","official","United States"
"downtown-la-toastmasters-ca","Downtown L.A. Toastmasters","00000616","","United States","Los Angeles","","Wednesday","12:00","America/Los_Angeles","60","weekly","hybrid","English","","","","","","","general","PRACTICE","","Area B03.","https://www.toastmasters.org/Find-a-Club/616-downtown-l-a-toastmasters","true","2026-09-25","official","United States"
"downtown-speakeasy-denver-co","Downtown Speakeasy Club","00007312","","United States","Denver","https://downtownspeakeasy.org","Wednesday","12:30","America/Denver","60","weekly","hybrid","English","","","","","","","general","PRACTICE","","Area D03.","https://www.toastmasters.org/Find-a-Club/00007312-downtown-speakeasy-club","true","2026-09-25","official","United States"
"storytellers-toastmasters-nv","Storytellers Toastmasters Club","06633880","D203","United States","Las Vegas","https://lvstorytellers.toastmastersclubs.org","Saturday","10:00","America/Los_Angeles","60","weekly","online","English","","","","Online attendance permitted; Zoom link available upon request","","","storytelling","STORYTELLING","","Area E01.","https://www.toastmasters.org/Find-a-Club/06633880-06633880","true","2026-09-25","official","United States"
"gopher-toastmasters-mn","Gopher Toastmasters Club","00000183","","United States","Minneapolis","https://meetup.com/gopher-toastmasters-club-183","Tuesday","18:00","America/Chicago","60","1st & 3rd Tuesday","hybrid","English","","","","Free guest visits, contact club for Zoom link","","","general","PRACTICE","","Area D31.","https://www.toastmasters.org/Find-a-Club/00000183-00000183","true","2026-09-25","official","United States"
"ion-group-americas-ny","ION Group Americas Toastmasters Club","07580325","D46","United States","New York","","Tuesday","12:00","America/New_York","60","2nd Tuesday (monthly)","online","English","","","","May have professional/educational prerequisites; contact club","","","professional","PROFESSIONAL","","Area B23. NOTE: online sessions use Microsoft Teams, not Zoom. Corporate-affiliated club (ION Group).","https://www.toastmasters.org/find-a-club/7580325-7580325","true","2026-09-25","official","United States"
"ai-advantage-advanced","AI Advantage Advanced Toastmasters","","","United States","Online","https://ai.toastmost.org","Thursday","20:00","America/New_York","60","weekly","online","English","","","","","","","advanced","ADVANCED","","toastmost.org Online Toastmasters Club Directory (aggregator; day/time as shown, cross-linked to club's own site); club's own toastmastersclubs.org page could not be directly fetched in this session","https://toastmost.org/online-clubs-directory/","true","2026-09-25","aggregator","United States"
"am-lockport","AM Lockport Toastmasters","","","United States","Lockport, NY","https://amlockporttm.org","Thursday","07:00","America/New_York","60","weekly","online","English","","","","","","","general","PRACTICE","","Early-morning club. toastmost.org Online Toastmasters Club Directory (aggregator; day/time as shown, cross-linked to club's own site); club's own toastmastersclubs.org page could not be directly fetched in this session","https://toastmost.org/online-clubs-directory/","true","2026-09-25","aggregator","United States"
"advanced-orators","Advanced Orators Toastmasters Club","","","United States","Online","https://aotm.toastmastersclubs.org","Monday","19:00","America/New_York","60","weekly","online","English","","","","","","","advanced","ADVANCED","","toastmost.org Online Toastmasters Club Directory (aggregator; day/time as shown, cross-linked to club's own site); club's own toastmastersclubs.org page could not be directly fetched in this session","https://toastmost.org/online-clubs-directory/","true","2026-09-25","aggregator","United States"
"audible-talkers","Audible Talkers","","","United States","Online","","Monday","18:00","America/Phoenix","60","1st & 3rd Monday","online","English","","","","","","","general","PRACTICE","","toastmost.org Online Toastmasters Club Directory (aggregator; day/time as shown, cross-linked to club's own site); club's own toastmastersclubs.org page could not be directly fetched in this session","https://toastmost.org/online-clubs-directory/","true","2026-09-25","aggregator","United States"
"broadly-speaking","Broadly Speaking Toastmasters Club","","","United States","Online","https://broadlyspeakingglobal.toastmastersclubs.org/","Saturday","09:30","America/Chicago","60","weekly","online","English","","","","","","","general","PRACTICE","","toastmost.org Online Toastmasters Club Directory (aggregator; day/time as shown, cross-linked to club's own site); club's own toastmastersclubs.org page could not be directly fetched in this session","https://toastmost.org/online-clubs-directory/","true","2026-09-25","aggregator","United States"
"crest-981","Crest Toastmasters Club #981","","","United States","Online","https://crest.toastmastersclubs.org/","Saturday","08:30","America/Chicago","60","1st Saturday","online","English","","","","","","","general","PRACTICE","","toastmost.org Online Toastmasters Club Directory (aggregator; day/time as shown, cross-linked to club's own site); club's own toastmastersclubs.org page could not be directly fetched in this session","https://toastmost.org/online-clubs-directory/","true","2026-09-25","aggregator","United States"
"dungeons-and-toast","Dungeons & Toast","","","United States","Online","https://dungeonsandtoast.com","Friday","19:00","America/Los_Angeles","60","weekly","online","English","","","","","","","humor/tabletop-gaming themed","PRACTICE","","toastmost.org Online Toastmasters Club Directory (aggregator; day/time as shown, cross-linked to club's own site); club's own toastmastersclubs.org page could not be directly fetched in this session","https://toastmost.org/online-clubs-directory/","true","2026-09-25","aggregator","United States"
"dynamically-speaking","Dynamically Speaking Toastmasters","","","United States","Online","https://dynamicallyspeakingtoastmasters.toastmastersclubs.org/","Thursday","06:58","America/Denver","60","weekly","online","English","","","","","","","general","PRACTICE","","Early-morning club. toastmost.org Online Toastmasters Club Directory (aggregator; day/time as shown, cross-linked to club's own site); club's own toastmastersclubs.org page could not be directly fetched in this session","https://toastmost.org/online-clubs-directory/","true","2026-09-25","aggregator","United States"
"epic-horizons","Epic Horizons Toastmasters","","","United States","Online","https://epichorizons.toastmastersclubs.org/","Friday","12:00","America/Chicago","60","weekly","online","English","","","","","","","general","PRACTICE","","toastmost.org Online Toastmasters Club Directory (aggregator; day/time as shown, cross-linked to club's own site); club's own toastmastersclubs.org page could not be directly fetched in this session","https://toastmost.org/online-clubs-directory/","true","2026-09-25","aggregator","United States"
"find-your-funny","Find Your Funny","","","United States","Online","https://findyourfunny.toastmastersclubs.org/","Sunday","18:30","America/New_York","60","2nd & 4th Sunday","online","English","","","","","","","humor","PRACTICE","","toastmost.org Online Toastmasters Club Directory (aggregator; day/time as shown, cross-linked to club's own site); club's own toastmastersclubs.org page could not be directly fetched in this session","https://toastmost.org/online-clubs-directory/","true","2026-09-25","aggregator","United States"
"flying-toasters","Flying Toasters","","","United States","Online","https://8617.toastmastersclubs.org","Thursday","12:00","America/Los_Angeles","60","weekly","online","English","","","","","","","general","PRACTICE","","toastmost.org Online Toastmasters Club Directory (aggregator; day/time as shown, cross-linked to club's own site); club's own toastmastersclubs.org page could not be directly fetched in this session","https://toastmost.org/online-clubs-directory/","true","2026-09-25","aggregator","United States"
"global-yoga-voices","Global Yoga Voices","","","United States","Online","https://globalyogavoices.toastmastersclubs.org/","Sunday","12:00","America/New_York","60","1st & 3rd Sunday","online","English","","","","","","","general","PRACTICE","","toastmost.org Online Toastmasters Club Directory (aggregator; day/time as shown, cross-linked to club's own site); club's own toastmastersclubs.org page could not be directly fetched in this session","https://toastmost.org/online-clubs-directory/","true","2026-09-25","aggregator","United States"
"hear-me-roar","Hear Me Roar (HeR) Toastmasters Club","","","United States","Online","https://her.toastmastersclubs.org/","Thursday","12:00","America/New_York","60","1st & 3rd Thursday","online","English","","","","","","","women's empowerment","PRACTICE","","toastmost.org Online Toastmasters Club Directory (aggregator; day/time as shown, cross-linked to club's own site); club's own toastmastersclubs.org page could not be directly fetched in this session","https://toastmost.org/online-clubs-directory/","true","2026-09-25","aggregator","United States"
"hi-noon","Hi Noon Toastmasters","","","United States","Online","https://hinoon.toastmastersclubs.org/","Wednesday","12:00","America/Los_Angeles","60","weekly","online","English","","","","","","","general","PRACTICE","","toastmost.org Online Toastmasters Club Directory (aggregator; day/time as shown, cross-linked to club's own site); club's own toastmastersclubs.org page could not be directly fetched in this session","https://toastmost.org/online-clubs-directory/","true","2026-09-25","aggregator","United States"
"hi-noon-huntsville","Hi-Noon Toastmasters Club","","","United States","Huntsville, AL","https://hinoonhsv.toastmastersclubs.org/","Tuesday","12:00","America/Chicago","60","weekly","online","English","","","","","","","general","PRACTICE","","toastmost.org Online Toastmasters Club Directory (aggregator; day/time as shown, cross-linked to club's own site); club's own toastmastersclubs.org page could not be directly fetched in this session","https://toastmost.org/online-clubs-directory/","true","2026-09-25","aggregator","United States"
"holistic-harmony","Holistic Harmony Toastmasters","","","United States","Online","https://holisticharmonytoastmasters.blog/","Tuesday","08:30","America/Los_Angeles","60","weekly","online","English","","","","","","","wellness","PRACTICE","","Early-morning club. toastmost.org Online Toastmasters Club Directory (aggregator; day/time as shown, cross-linked to club's own site); club's own toastmastersclubs.org page could not be directly fetched in this session","https://toastmost.org/online-clubs-directory/","true","2026-09-25","aggregator","United States"
"maverick-advanced","Maverick Advanced Toastmasters Online","","","United States","Online","https://mato.toastmastersclubs.org/","Monday","20:00","America/New_York","60","2nd Monday","online","English","","","","","","","advanced","ADVANCED","","toastmost.org Online Toastmasters Club Directory (aggregator; day/time as shown, cross-linked to club's own site); club's own toastmastersclubs.org page could not be directly fetched in this session","https://toastmost.org/online-clubs-directory/","true","2026-09-25","aggregator","United States"
"metrowest","Metrowest Toastmasters","","","United States","Metrowest, MA (area)","https://mwtm.toastmastersclubs.org","Thursday","19:00","America/New_York","60","2nd & 4th Thursday","online","English","","","","","","","general","PRACTICE","","toastmost.org Online Toastmasters Club Directory (aggregator; day/time as shown, cross-linked to club's own site); club's own toastmastersclubs.org page could not be directly fetched in this session","https://toastmost.org/online-clubs-directory/","true","2026-09-25","aggregator","United States"
"north-tustin","North Tustin Sensational Speakers","","","United States","Tustin, CA","https://417.toastmastersclubs.org/","Wednesday","07:00","America/Los_Angeles","60","weekly","online","English","","","","","","","general","PRACTICE","","Early-morning club. toastmost.org Online Toastmasters Club Directory (aggregator; day/time as shown, cross-linked to club's own site); club's own toastmastersclubs.org page could not be directly fetched in this session","https://toastmost.org/online-clubs-directory/","true","2026-09-25","aggregator","United States"
"northern-neck","Northern Neck Toastmasters Club","","","United States","Northern Neck region, VA","https://northernnecktoastmasters.toastmastersclubs.org/","Monday","19:00","America/New_York","60","1st & 3rd Monday","online","English","","","","","","","general","PRACTICE","","toastmost.org Online Toastmasters Club Directory (aggregator; day/time as shown, cross-linked to club's own site); club's own toastmastersclubs.org page could not be directly fetched in this session","https://toastmost.org/online-clubs-directory/","true","2026-09-25","aggregator","United States"
"online-presenters","Online Presenters Toastmasters","","","United States","Online","https://op.toastmost.org","Monday","19:45","America/New_York","60","weekly","online","English","","","","","","","advanced / online presentation skills","ADVANCED","","District U (undistricted); worldwide membership, US Eastern-time meeting. toastmost.org Online Toastmasters Club Directory (aggregator; day/time as shown, cross-linked to club's own site); club's own toastmastersclubs.org page could not be directly fetched in this session","https://toastmost.org/online-clubs-directory/","true","2026-09-25","aggregator","United States"
"podmasters-advanced","Podmasters Advanced Toastmasters","","","United States","Online","https://podmastersadvanced.toastmost.org","Sunday","19:00","America/New_York","60","weekly","online","English","","","","","","","advanced","ADVANCED","","toastmost.org Online Toastmasters Club Directory (aggregator; day/time as shown, cross-linked to club's own site); club's own toastmastersclubs.org page could not be directly fetched in this session","https://toastmost.org/online-clubs-directory/","true","2026-09-25","aggregator","United States"
"portland-progressives","Portland Progressives Toastmasters","","","United States","Portland, OR","https://progressivestoastmasters.org/","Thursday","18:30","America/Los_Angeles","60","weekly","online","English","","","","","","","general","PRACTICE","","toastmost.org Online Toastmasters Club Directory (aggregator; day/time as shown, cross-linked to club's own site); club's own toastmastersclubs.org page could not be directly fetched in this session","https://toastmost.org/online-clubs-directory/","true","2026-09-25","aggregator","United States"
"portland-toastmasters","Portland Toastmasters","","","United States","Portland, OR","https://portlandtoastmasters.org/","Monday","18:00","America/Los_Angeles","60","weekly","online","English","","","","","","","general","PRACTICE","","toastmost.org Online Toastmasters Club Directory (aggregator; day/time as shown, cross-linked to club's own site); club's own toastmastersclubs.org page could not be directly fetched in this session","https://toastmost.org/online-clubs-directory/","true","2026-09-25","aggregator","United States"
"praxis","Praxis Toastmasters","","","United States","Online","https://6718103.toastmastersclubs.org","Wednesday","07:00","America/Chicago","60","weekly","online","English","","","","","","","general","PRACTICE","","Early-morning club. toastmost.org Online Toastmasters Club Directory (aggregator; day/time as shown, cross-linked to club's own site); club's own toastmastersclubs.org page could not be directly fetched in this session","https://toastmost.org/online-clubs-directory/","true","2026-09-25","aggregator","United States"
"readership","Readership Toastmasters","","","United States","Online","https://readership.toastmastersclubs.org/","Tuesday","18:30","America/Chicago","60","weekly","online","English","","","","","","","book club themed","PRACTICE","","toastmost.org Online Toastmasters Club Directory (aggregator; day/time as shown, cross-linked to club's own site); club's own toastmastersclubs.org page could not be directly fetched in this session","https://toastmost.org/online-clubs-directory/","true","2026-09-25","aggregator","United States"
"reveilliers","Reveilliers","","","United States","Online","https://reveilliers.org","Monday","07:00","America/Los_Angeles","60","weekly","online","English","","","","","","","general","PRACTICE","","Early-morning club. toastmost.org Online Toastmasters Club Directory (aggregator; day/time as shown, cross-linked to club's own site); club's own toastmastersclubs.org page could not be directly fetched in this session","https://toastmost.org/online-clubs-directory/","true","2026-09-25","aggregator","United States"
"saturday-brunch-bunch","Saturday Brunch Bunch","","","United States","Online","https://sbbtm31.toastmastersclubs.org/","Saturday","09:30","America/New_York","60","2nd & 4th Saturday","online","English","","","","","","","general","PRACTICE","","toastmost.org Online Toastmasters Club Directory (aggregator; day/time as shown, cross-linked to club's own site); club's own toastmastersclubs.org page could not be directly fetched in this session","https://toastmost.org/online-clubs-directory/","true","2026-09-25","aggregator","United States"
"securely-speaking","Securely Speaking","","","United States","Online","https://www.meetup.com/securely-speaking/","Tuesday","12:00","America/Los_Angeles","60","weekly","online","English","","","","","","","cybersecurity professionals","PRACTICE","","toastmost.org Online Toastmasters Club Directory (aggregator; day/time as shown, cross-linked to club's own site); club's own toastmastersclubs.org page could not be directly fetched in this session","https://toastmost.org/online-clubs-directory/","true","2026-09-25","aggregator","United States"
"silver-and-wiser","Silver & Wiser Toastmasters","","","United States","Online","https://777940.toastmastersclubs.org/","Monday","13:00","America/New_York","60","weekly","online","English","","","","","","","seniors","PRACTICE","","toastmost.org Online Toastmasters Club Directory (aggregator; day/time as shown, cross-linked to club's own site); club's own toastmastersclubs.org page could not be directly fetched in this session","https://toastmost.org/online-clubs-directory/","true","2026-09-25","aggregator","United States"
"sunrise-greensboro-nc","Sunrise Toastmasters, Greensboro NC","","","United States","Greensboro, NC","https://greensborotoastmasters.org/","Friday","07:00","America/New_York","60","weekly","online","English","","","","","","","general","PRACTICE","","Early-morning club. toastmost.org Online Toastmasters Club Directory (aggregator; day/time as shown, cross-linked to club's own site); club's own toastmastersclubs.org page could not be directly fetched in this session","https://toastmost.org/online-clubs-directory/","true","2026-09-25","aggregator","United States"
"travel-talkers","Travel Talkers Toastmasters","","","United States","Online","https://traveltalkers.blog/","Thursday","18:30","America/Los_Angeles","60","weekly","online","English","","","","","","","travel themed","PRACTICE","","toastmost.org Online Toastmasters Club Directory (aggregator; day/time as shown, cross-linked to club's own site); club's own toastmastersclubs.org page could not be directly fetched in this session","https://toastmost.org/online-clubs-directory/","true","2026-09-25","aggregator","United States"
"u-converse-masterfully","U Converse Masterfully","","","United States","Online","https://ucm.toastmastersclubs.org/","Thursday","19:00","America/New_York","60","2nd & 4th Thursday","online","English","","","","","","","general","PRACTICE","","Listed by source as hybrid. toastmost.org Online Toastmasters Club Directory (aggregator; day/time as shown, cross-linked to club's own site); club's own toastmastersclubs.org page could not be directly fetched in this session","https://toastmost.org/online-clubs-directory/","true","2026-09-25","aggregator","United States"
"unified-toastmasters","Unified Toastmasters","","","United States","Online","https://2931.toastmastersclubs.org","Tuesday","19:00","America/Los_Angeles","60","1st & 3rd Tuesday","online","English","","","","","","","general","PRACTICE","","toastmost.org Online Toastmasters Club Directory (aggregator; day/time as shown, cross-linked to club's own site); club's own toastmastersclubs.org page could not be directly fetched in this session","https://toastmost.org/online-clubs-directory/","true","2026-09-25","aggregator","United States"
"upgrade-virtually","Upgrade Virtually Toastmasters","","","United States","Online","https://upgradevirtually.toastmastersclubs.org/","Tuesday","19:00","America/Chicago","60","1st & 3rd Tuesday","online","English","","","","","","","general","PRACTICE","","toastmost.org Online Toastmasters Club Directory (aggregator; day/time as shown, cross-linked to club's own site); club's own toastmastersclubs.org page could not be directly fetched in this session","https://toastmost.org/online-clubs-directory/","true","2026-09-25","aggregator","United States"
"ventura-toastmasters","Ventura Toastmasters","","","United States","Ventura, CA","https://venturatoastmasters.toastmastersclubs.org","Monday","18:30","America/Los_Angeles","60","weekly","online","English","","","","","","","general","PRACTICE","","toastmost.org Online Toastmasters Club Directory (aggregator; day/time as shown, cross-linked to club's own site); club's own toastmastersclubs.org page could not be directly fetched in this session","https://toastmost.org/online-clubs-directory/","true","2026-09-25","aggregator","United States"
"virtual-professional-speakers","Virtual Professional Speakers","","","United States","Online","https://virtualprofessionalspeakers.toastmastersclubs.org/","Thursday","18:30","America/Chicago","60","1st & 3rd Thursday","online","English","","","","","","","professional speakers","PROFESSIONAL","","toastmost.org Online Toastmasters Club Directory (aggregator; day/time as shown, cross-linked to club's own site); club's own toastmastersclubs.org page could not be directly fetched in this session","https://toastmost.org/online-clubs-directory/","true","2026-09-25","aggregator","United States"
"west-michigan-advanced","West Michigan Advanced Toastmasters","","","United States","West Michigan (Grand Rapids area)","https://wmat.toastmost.org","Monday","18:00","America/New_York","60","2nd Monday","online","English","","","","","","","advanced","ADVANCED","","toastmost.org Online Toastmasters Club Directory (aggregator; day/time as shown, cross-linked to club's own site); club's own toastmastersclubs.org page could not be directly fetched in this session","https://toastmost.org/online-clubs-directory/","true","2026-09-25","aggregator","United States"
"worlds-of-wonder","Worlds of Wonder","","","United States","Online","https://wowtm.toastmastersclubs.org","Saturday","14:00","America/Los_Angeles","60","weekly","online","English","","","","","","","general","PRACTICE","","toastmost.org Online Toastmasters Club Directory (aggregator; day/time as shown, cross-linked to club's own site); club's own toastmastersclubs.org page could not be directly fetched in this session","https://toastmost.org/online-clubs-directory/","true","2026-09-25","aggregator","United States"
"san-juan-tm","San Juan Toastmasters","06786550","","Puerto Rico (US territory)","San Juan","https://www.toastmasters.org/Find-a-Club/06786550-san-juan-toastmasters","Monday","19:00","America/Puerto_Rico","","1st & 3rd Monday","hybrid","Spanish","","","","Open to all interested parties; free guest visits","","","general","PRACTICE","","Meets at PR Science, Technology and Research Trust, Room T1; online attendance permitted. Fills early-evening ET gap for bilingual PR members.","https://www.toastmasters.org/Find-a-Club/06786550-san-juan-toastmasters","true","2026-09-25","official","Americas / Europe / Africa / Middle East"
"pr-toastmasters-club","Puerto Rico Toastmasters Club","01279661","","Puerto Rico (US territory)","San Juan","https://www.toastmasters.org/find-a-club/01279661-puerto-rico-toastmasters-club","Wednesday","18:45","America/Puerto_Rico","135","1st & 3rd Wednesday","hybrid","","","","","Online attendance is allowed","","","general","PRACTICE","","Meets at PR Science, Technology & Research Trust. Language not stated on page (likely bilingual/Spanish).","https://www.toastmasters.org/find-a-club/01279661-puerto-rico-toastmasters-club","true","2026-09-25","official","Americas / Europe / Africa / Middle East"
"pr-elite-advanced-speakers","Elite Advanced Speakers","02223990","","Puerto Rico (US territory)","San Juan","https://www.toastmasters.org/Find-a-Club/02223990-eliteadvancedspeakers","Wednesday","19:00","America/Puerto_Rico","","Last Wednesday of month (monthly)","hybrid","","","","","Online attendance is allowed; may have professional/educational prerequisites","","","advanced","ADVANCED","","Advanced-speakers club at PR Science Trust (Antiguo Oso Blanco), San Juan.","https://www.toastmasters.org/Find-a-Club/02223990-eliteadvancedspeakers","true","2026-09-25","official","Americas / Europe / Africa / Middle East"
"madrid-advanced-speakers","Madrid Advanced Speakers","05589363","D107","Spain","Madrid","https://www.toastmasters.org/Find-a-Club/05589363-madrid-advanced-speakers","Saturday","11:30","Europe/Madrid","","weekly","hybrid","English","","","","Open to all interested parties; contact club in advance","","","advanced","ADVANCED","","Venue: AIL, Avenida Ciudad de Barcelona 120-122, Madrid; online attendance allowed.","https://www.toastmasters.org/Find-a-Club/05589363-madrid-advanced-speakers","true","2026-09-25","official","Americas / Europe / Africa / Middle East"
"victoria-bay-club-lagos","Victoria Bay Club","07708689","D130","Nigeria","Lagos (Victoria Island)","https://www.toastmasters.org/Find-a-Club/07708689-victoria-bay-club","Saturday","13:00","Africa/Lagos","120","2nd & 3rd Saturday","hybrid","English","","","","Free guest visits, no obligation","","","general","PRACTICE","","Venue: EKO Hotels and Suites, Victoria Island, Lagos.","https://www.toastmasters.org/Find-a-Club/07708689-victoria-bay-club","true","2026-09-25","official","Americas / Europe / Africa / Middle East"
"lighthouse-toastmasters-lagos","Lighthouse Toastmasters","01025377","D130","Nigeria","Lagos (Victoria Island)","https://www.toastmasters.org/Find-a-Club/01025377-lighthousetoastmasters","Saturday","11:00","Africa/Lagos","","1st & 3rd Saturday","hybrid","English","","","","","","","general","PRACTICE","","Venue: Inlaks Ltd, Victoria Island, Lagos; stated meeting time '11:00 WAT'.","https://www.toastmasters.org/Find-a-Club/01025377-lighthousetoastmasters","true","2026-09-25","official","Americas / Europe / Africa / Middle East"
"uae-ladies-toastmasters","UAE Ladies Toastmasters Club","07712911","D79","United Arab Emirates","Dubai","https://www.toastmasters.org/Find-a-Club/07712911-07712911","Sunday","16:00","Asia/Dubai","120","1st & 3rd Sunday","hybrid","English","","","","Free guest visits; membership may have professional/educational prerequisites","","","general","PRACTICE","","Meets at Dubai Public Library, hybrid for Dubai/Abu Dhabi members. Fills early-morning ET gap (~8am ET).","https://www.toastmasters.org/Find-a-Club/07712911-07712911","true","2026-09-25","official","Americas / Europe / Africa / Middle East"
"taste-and-toastmasters-amsterdam","Taste and Toastmasters Club","00711294","D59","Netherlands","Amsterdam","https://www.toastmasters.org/Find-a-Club/00711294-taste-and-toastmasters-club","Monday","19:30","Europe/Amsterdam","","1st & 3rd Monday","hybrid","","","","","May have professional/educational prerequisites","","","general","PRACTICE","","Venue: Marcusstraat 46-52, Amsterdam; virtual participation permitted alongside in-person.","https://www.toastmasters.org/Find-a-Club/00711294-taste-and-toastmasters-club","true","2026-09-25","official","Americas / Europe / Africa / Middle East"
"nairobi-toastmasters","Nairobi Toastmasters","01197334","","Kenya","Nairobi","https://www.toastmasters.org/find-a-club/01197334-01197334","Monday","12:40","Africa/Nairobi","","2nd & 4th Monday (plus 1st Saturday 10:30am-12:30pm)","hybrid","English","","","","Online attendance is allowed","","","general","PRACTICE","","Venue: United Kenya Club, Nairobi. Monday lunchtime slot converts to ~5:40am ET, filling the early-morning ET gap well.","https://www.toastmasters.org/find-a-club/01197334-01197334","true","2026-09-25","official","Americas / Europe / Africa / Middle East"
"mexican-english-toastmasters","Mexican English Toastmasters Club","01453272","","Mexico","Mexico City","https://www.toastmasters.org/Find-a-Club/01453272-mexican-english-toastmasters-club","Saturday","09:00","America/Mexico_City","120","2nd & 4th Saturday","hybrid","English","","","","RSVP required, contact Diana A. Gonzalez","","","general","PRACTICE","","Venue: Col. Condesa, Mexico City.","https://www.toastmasters.org/Find-a-Club/01453272-mexican-english-toastmasters-club","true","2026-09-25","official","Americas / Europe / Africa / Middle East"
"bogota-english-club","Toastmasters Bogotá English Club","03063204","D222","Colombia","Bogota","https://www.toastmasters.org/Find-a-Club/03063204-toastmasters-bogota","Tuesday","19:00","America/Bogota","90","weekly (in-person 3rd Tuesday)","hybrid","English","","","","Free guest visits, no obligation","","","general","PRACTICE","","Venue: WeWork, Bogota; virtual every Tuesday, in-person 3rd Tuesday of month.","https://www.toastmasters.org/Find-a-Club/03063204-toastmasters-bogota","true","2026-09-25","official","Americas / Europe / Africa / Middle East"
"destino-excelencia-bogota","Bogotá - DESTINO EXCELENCIA","04406016","D222","Colombia","Bogota","https://www.toastmasters.org/Find-a-Club/4406016-destino-excelencia","Wednesday","20:00","America/Bogota","","weekly","hybrid","Spanish","","","","Online attendance is allowed; may have prerequisites","","","general","PRACTICE","","Zoom + in-person option. Spanish-language club for bilingual PR user.","https://www.toastmasters.org/Find-a-Club/4406016-destino-excelencia","true","2026-09-25","official","Americas / Europe / Africa / Middle East"
"sao-paulo-toastmasters","Sao Paulo Toastmasters","02229225","","Brazil","Sao Paulo","https://www.toastmasters.org/Find-a-Club/02229225-sao-paulo-toastmasters","Saturday","14:30","America/Sao_Paulo","","2nd & 4th Saturday","hybrid","","","","","No pressure to participate until ready","","","general","PRACTICE","","Venue: VBA Coworking, Vila Mariana, Sao Paulo; page lists both On-line and physical location.","https://www.toastmasters.org/Find-a-Club/02229225-sao-paulo-toastmasters","true","2026-09-25","official","Americas / Europe / Africa / Middle East"
"no-excuses-online-uk","""No Excuses"" Online Toastmasters Club","28675756","D71","United Kingdom","Nottingham (online, UK-based)","https://www.toastmasters.org/Find-a-Club/28675756","Tuesday","19:15","Europe/London","","1st & 3rd Tuesday","online","English","","","","Open to all interested parties","","","general","PRACTICE","","Fully online club with UK registered address in Nottingham; District 71 (UK & Ireland).","https://www.toastmasters.org/Find-a-Club/28675756","true","2026-09-25","official","Americas / Europe / Africa / Middle East"
"cairo-toastmasters","Cairo Toastmasters Club","06881341","","Egypt","Cairo (New Cairo)","https://www.toastmasters.org/Find-a-Club/06881341-cairo-egypt-pros-club","Tuesday","19:15","Africa/Cairo","","1st & 3rd Tuesday","hybrid","English","","","","Free guest visits, no obligation","","","general","PRACTICE","","Venue: E-Spaces, New Cairo. Chartered 2018; active Facebook/LinkedIn presence.","https://www.toastmasters.org/Find-a-Club/06881341-cairo-egypt-pros-club","true","2026-09-25","official","Americas / Europe / Africa / Middle East"
"riyadh-toastmasters","Riyadh Toastmasters Club","00006897","D79","Saudi Arabia","Riyadh","https://www.toastmasters.org/Find-a-Club/6897-riyadh-toastmasters-club","Monday","19:30","Asia/Riyadh","","weekly","hybrid","English","","","","Open to all interested parties","","","general","PRACTICE","long-running (chartered 1988)","Venue: Co-reach coworking space, Riyadh; meets in person with Zoom option. Page listed time as 7:29pm, treated as ~7:30pm.","https://www.toastmasters.org/Find-a-Club/6897-riyadh-toastmasters-club","true","2026-09-25","official","Americas / Europe / Africa / Middle East"
"first-bahamas-branch","First Bahamas Branch of Toastmasters","00001600","","Bahamas","Nassau","https://www.toastmasters.org/Find-a-Club/00001600-first-bahamas-branch-of-toastmasters","Thursday","20:00","America/Nassau","","weekly","online","","","","","May have professional/educational prerequisites","","","general","PRACTICE","long-running (chartered 1969)","Meets via Zoom; physical mailing address at Red Cross Society, Nassau.","https://www.toastmasters.org/Find-a-Club/00001600-first-bahamas-branch-of-toastmasters","true","2026-09-25","official","Americas / Europe / Africa / Middle East"
"argentina-toastmasters","Argentina Toastmasters","00004151","D222","Argentina","Buenos Aires","https://www.toastmasters.org/Find-a-Club/4151-4151","Thursday","19:15","America/Argentina/Buenos_Aires","","weekly (rotating format)","hybrid","English/Spanish","","","","Open to all interested parties","","","general","PRACTICE; INTERNATIONAL","","1st & 3rd Thursdays online (English), 2nd Thursday online (Spanish), 4th Thursday in-person (Spanish). Good bilingual option.","https://www.toastmasters.org/Find-a-Club/4151-4151","true","2026-09-25","official","Americas / Europe / Africa / Middle East"
"accra-toastmasters","Accra Toastmasters Club","00832585","","Ghana","Accra","https://www.toastmasters.org/Find-a-Club/00832585-accra-toastmasters-club","Wednesday","18:00","Africa/Accra","","1st & 3rd Wednesday","hybrid","English","","","","Free guest visits, no pressure to participate","","","general","PRACTICE","","Venue: Ghana International School, Accra.","https://www.toastmasters.org/Find-a-Club/00832585-accra-toastmasters-club","true","2026-09-25","official","Americas / Europe / Africa / Middle East"
"berlin-habla-toastmasters","Berlin Habla Toastmasters","07506467","D95","Germany","Berlin","https://www.toastmasters.org/Find-a-Club/07506467-berlin-habla-toastmasters","Monday","19:30","Europe/Berlin","","weekly","hybrid","Spanish (English on 4th Monday)","","","","Open to all interested parties","","","general","PRACTICE; INTERNATIONAL","","1st-3rd Mondays in Spanish, last Monday in English; hybrid at Edisonstr., Berlin. Great Spanish-language pick for bilingual member.","https://www.toastmasters.org/Find-a-Club/07506467-berlin-habla-toastmasters","true","2026-09-25","official","Americas / Europe / Africa / Middle East"
"manchester-communicators","Manchester Communicators","07463769","","United Kingdom","Manchester","https://www.toastmasters.org/Find-a-Club/07463769-manchester-communicators","Monday","18:30","Europe/London","","1st & 3rd Monday","hybrid","English","","","","Free guest visits, no obligation","","","general","PRACTICE","","Venue: Friends' Meeting House, Manchester.","https://www.toastmasters.org/Find-a-Club/07463769-manchester-communicators","true","2026-09-25","official","Americas / Europe / Africa / Middle East"
"unmute-yourself-edinburgh","Unmute Yourself Toastmasters","03634010","D71","United Kingdom","Edinburgh","https://www.toastmasters.org/Find-a-Club/03634010-state-street-edinburgh-toastmasters","Thursday","13:00","Europe/London","60","biweekly","online","English","","","","Free guest visits, no obligation","","","general","PRACTICE","","Fully online (formerly State Street Edinburgh Toastmasters). 1pm UK time converts to ~8am ET, filling the early-morning ET gap.","https://www.toastmasters.org/Find-a-Club/03634010-state-street-edinburgh-toastmasters","true","2026-09-25","official","Americas / Europe / Africa / Middle East"
"sagicor-jamaica","Sagicor Group Jamaica Toastmasters Club","00007289","","Jamaica","Kingston","https://www.toastmasters.org/Find-a-Club/00007289-00007289","Wednesday","18:00","America/Jamaica","","1st & 3rd Wednesday","hybrid","English","","","","Open to all interested parties","","","general","PRACTICE","long-running (chartered 1989)","Venue: R Danny Williams Building, Kingston; online attendance allowed.","https://www.toastmasters.org/Find-a-Club/00007289-00007289","true","2026-09-25","official","Americas / Europe / Africa / Middle East"
"rosebank-toastmasters","Rosebank Toastmasters Club","00840322","D74","South Africa","Johannesburg (Rosebank)","https://www.toastmasters.org/Find-a-Club/00840322-rosebank-toastmasters-club","Thursday","18:00","Africa/Johannesburg","120","1st & 3rd Thursday","online","English","","","","Free first visit, no pressure to participate","","","general","PRACTICE","","Currently meets fully online.","https://www.toastmasters.org/Find-a-Club/00840322-rosebank-toastmasters-club","true","2026-09-25","official","Americas / Europe / Africa / Middle East"
"zumaridi-toastmasters","Zumaridi Toastmasters","07830598","D114","Kenya","Nairobi","https://www.toastmasters.org/Find-a-Club/07830598-zumaridi-toastmasters","Monday","18:30","Africa/Nairobi","120","2nd & 4th Monday","hybrid","English","","","","","","","general","PRACTICE","","Venue: Kenya Revenue Authority HQ Auditorium & Online, Nairobi.","https://www.toastmasters.org/Find-a-Club/07830598-zumaridi-toastmasters","true","2026-09-25","official","Americas / Europe / Africa / Middle East"
"toastmasters-costa-rica","Toastmasters Costa Rica","05159852","D222","Costa Rica","San Jose","https://www.toastmasters.org/Find-a-Club/05159852-toastmasters-costa-rica","Wednesday","19:00","America/Costa_Rica","","1st & 3rd Wednesday","hybrid","Spanish","","","","May have professional/educational prerequisites","","","general","PRACTICE","","Central America club (bonus region near Caribbean/Latin America); Spanish-language, online attendance allowed.","https://www.toastmasters.org/Find-a-Club/05159852-toastmasters-costa-rica","true","2026-09-25","official","Americas / Europe / Africa / Middle East"
"haifa-toastmasters","Haifa Toastmasters","06072551","","Israel","Haifa","https://www.toastmasters.org/Find-a-Club/06072551-haifa-israel-pros-club","Tuesday","19:30","Asia/Jerusalem","","1st & 3rd Tuesday","hybrid","English","","","","Open to all interested parties","","","general","PRACTICE","","Page states club is 'permanently online' with in-person option / online attendance allowed.","https://www.toastmasters.org/Find-a-Club/06072551-haifa-israel-pros-club","true","2026-09-25","official","Americas / Europe / Africa / Middle East"
"emerald-toastmasters-abuja","Emerald Toastmasters","04049482","D130","Nigeria","Abuja","https://www.toastmasters.org/Find-a-Club/04049482-emerald-toastmasters","Tuesday","17:20","Africa/Lagos","120","1st & 3rd Tuesday","hybrid","English","","","","","","","general","PRACTICE","","Venue: Novare Central Mall, Wuse Zone 5, Abuja.","https://www.toastmasters.org/Find-a-Club/04049482-emerald-toastmasters","true","2026-09-25","official","Americas / Europe / Africa / Middle East"
"lima-toastmasters-club","Lima Toastmasters Club","00003098","","Peru","Lima","https://www.toastmasters.org/Find-a-Club/3098-lima-toastmasters-club","Thursday","19:30","America/Lima","","weekly","online","","","","","Open to all interested parties","","","general","PRACTICE","long-running (chartered 1960)","Meets via Zoom; page listed an active Zoom link/password, so zoomLink omitted here per privacy but note it was publicly posted at time of verification.","https://www.toastmasters.org/Find-a-Club/3098-lima-toastmasters-club","true","2026-09-25","official","Americas / Europe / Africa / Middle East"
"comunicacion-y-participacion-monterrey","Comunicación y Participación","00005837","D113","Mexico","Monterrey","https://www.toastmasters.org/Find-a-Club/00005837-comunicacion-y-participacion","Thursday","20:00","America/Monterrey","","2nd & 4th Thursday (hybrid Jan-Nov)","hybrid","Spanish","","","","Open to all interested parties","","","general","PRACTICE","","Downtown Monterrey club; hybrid format Jan-Nov per club page.","https://www.toastmasters.org/Find-a-Club/00005837-comunicacion-y-participacion","true","2026-09-25","official","Americas / Europe / Africa / Middle East"
"monday-night-online-canada","The Monday Night Online Toastmasters","28675969","","Canada","Markham, ON","https://www.toastmasters.org/Find-a-Club/28675969-the-monday-night-online-toastmasters","Monday","19:00","America/Toronto","","weekly","online","English","","","","Online attendance is allowed","","","general","PRACTICE","newer (chartered 2024)","Fully online club, listed meeting time as 7:00 PM EST.","https://www.toastmasters.org/Find-a-Club/28675969-the-monday-night-online-toastmasters","true","2026-09-25","official","Americas / Europe / Africa / Middle East"
"elevate-online-durban","Elevate Online Toastmasters Club","07968941","","South Africa","Durban (Pinetown)","https://www.toastmasters.org/Find-a-Club/07968941-07968941","Wednesday","18:00","Africa/Johannesburg","","2nd & 4th Wednesday","online","English","","","","Online attendance is allowed","","","general","PRACTICE","newer (chartered 2022)","Fully online club chartered 2022.","https://www.toastmasters.org/Find-a-Club/07968941-07968941","true","2026-09-25","official","Americas / Europe / Africa / Middle East"
"rio-speak-out","Rio Speak Out","02453527","","Brazil","Rio de Janeiro","https://www.toastmasters.org/Find-a-Club/02453527-rio-speak-out","Tuesday","12:00","America/Sao_Paulo","","1st & 3rd Tuesday","hybrid","Portuguese","","","","Free guest visits; may have professional/educational prerequisites","","","general","PRACTICE","long-running (chartered 2012)","Venue: IBM Brasil, Rio de Janeiro; online attendance allowed. Midday lunch meeting.","https://www.toastmasters.org/Find-a-Club/02453527-rio-speak-out","true","2026-09-25","official","Americas / Europe / Africa / Middle East"
"transformational-leaders-trinidad","Transformational Leaders Toastmasters Club (TLC)","06485509","D222","Trinidad and Tobago","Port of Spain","https://www.toastmasters.org/Find-a-Club/06485509-transformational-leaders-toastmasters-club-tlc","Wednesday","18:00","America/Port_of_Spain","","2nd & 4th Wednesday","online","English","","","","Online attendance allowed, no membership restrictions","","","general","PRACTICE; LEADERSHIP","","Fully online via Zoom, no in-person component per club page.","https://www.toastmasters.org/Find-a-Club/06485509-transformational-leaders-toastmasters-club-tlc","true","2026-09-25","official","Americas / Europe / Africa / Middle East"
"business-school-netherlands-lagos","Business School Netherlands Toastmasters","06068857","D130","Nigeria","Lagos (Ikeja GRA)","https://www.toastmasters.org/Find-a-Club/06068857-business-school-netherlands-toastmasters","Thursday","10:00","Africa/Lagos","","1st & 3rd Thursday","hybrid","English","","","","Open to all interested parties","","","general","PRACTICE","","Despite the Netherlands-referencing name (linked to Business School Netherlands MBA program), this club is based in Lagos, Nigeria. Morning meeting time (10am WAT = ~5am ET) fills the early-morning ET gap.","https://www.toastmasters.org/Find-a-Club/06068857-business-school-netherlands-toastmasters","true","2026-09-25","official","Americas / Europe / Africa / Middle East"
"eastwood-tm-au","Eastwood Toastmasters","","","Australia","Eastwood, Sydney NSW","https://eastwoodtm.toastmastersclubs.org/","Saturday","12:00","Australia/Sydney","150","2nd & 4th Saturday","online","English","","","","","","","general","PRACTICE","","Listed on toastmost.org online club directory as an Australian online club, 2nd & 4th Saturday 12:00-2:30pm AEST. Not independently confirmed on club's own site (toastmastersclubs.org could not be fetched).","https://toastmost.org/online-clubs-directory/","true","2026-09-25","aggregator","Asia-Pacific"
"cbd-leaders-brisbane-au","CBD Leaders Toastmasters Club","","","Australia","Brisbane","https://cbdleaders.toastmastersclubs.org/","Thursday","19:00","Australia/Brisbane","90","1st & 3rd Thursday","online","English","","","","","","","general","PRACTICE","","Listed on toastmost.org online club directory, 1st & 3rd Thursday 7:00pm AEST (Brisbane does not observe DST).","https://toastmost.org/online-clubs-directory/","true","2026-09-25","aggregator","Asia-Pacific"
"silver-service-leaders-sydney-au","Silver Service Leaders","","","Australia","Sydney","https://silverservice.toastmastersclubs.org/","Thursday","19:00","Australia/Sydney","90","1st & 3rd Thursday","online","English","","","","","","","general","PRACTICE","","Listed on toastmost.org online club directory, 1st & 3rd Thursday 7:00pm AEST/AEDT (Sydney observes DST).","https://toastmost.org/online-clubs-directory/","true","2026-09-25","aggregator","Asia-Pacific"
"eternity-toastmasters-goldcoast-au","Eternity Toastmasters Club","00009533","","Australia","Gold Coast, QLD","https://www.toastmasters.org/Find-a-Club/00009533-00009533","Sunday","16:00","Australia/Brisbane","90","2nd & 4th Sunday","online","English","","","","Guests welcome, no obligation to participate","","","general","PRACTICE","","Zoom-only club per official Toastmasters Find-a-Club page. Gold Coast QLD does not observe DST, so uses AEST year-round (Australia/Brisbane).","https://www.toastmasters.org/Find-a-Club/00009533-00009533","true","2026-09-25","official","Asia-Pacific"
"kura-korero-nz","Kura Kōrero Toastmasters","28677238","","New Zealand","Lower Hutt","https://www.toastmasters.org/Find-a-Club/28677238","Thursday","19:00","Pacific/Auckland","90","weekly","hybrid","English","","","","Guests welcome, no obligation to participate","","","general","PRACTICE","","Chartered Feb 2024. Meets in-person and online at Lowry Bay, Lower Hutt.","https://www.toastmasters.org/Find-a-Club/28677238","true","2026-09-25","official","Asia-Pacific"
"noida-online-india","Noida Toastmasters Online Club","28678103","","India","Noida / Delhi NCR","https://www.toastmasters.org/Find-a-Club/28678103","Sunday","10:00","Asia/Kolkata","90","weekly","online","English","","","","Guests welcome, no obligation to participate","","","general","PRACTICE","","Online (Zoom) only per official club page. Sunday 10am IST is Saturday ~12:30am ET (EDT) / Sat 11:30pm ET (EST) - late-night fit.","https://www.toastmasters.org/Find-a-Club/28678103","true","2026-09-25","official","Asia-Pacific"
"eloquent-elites-mumbai-india","Eloquent Elites Toastmasters Club","07854767","","India","Mumbai","https://www.toastmasters.org/Find-a-Club/07854767-eloquent-elites","Sunday","21:00","Asia/Kolkata","90","alternate Sundays","online","English","","","","Guests welcome, no pressure to participate","","","general","PRACTICE","","Online only via Zoom. 9pm IST is late morning ET (~11:30am), so this one is a poor fit for the 7pm-8am ET window despite being India-based; included for completeness.","https://www.toastmasters.org/Find-a-Club/07854767-eloquent-elites","true","2026-09-25","official","Asia-Pacific"
"lead-india-speakers-bangalore","Lead India Speakers Club","06427472","","India","Bangalore","https://leadindia.toastmastersclubs.org/","Sunday","08:30","Asia/Kolkata","120","weekly","hybrid","English","","","","Guests welcome, no obligation to participate","","","general","PRACTICE","","Online attendance allowed alongside in-person meeting in JP Nagar, Bangalore. 8:30am IST Sunday = ~11pm ET Saturday (EDT) - good late-night fit.","https://www.toastmasters.org/Find-a-Club/06427472-lead-india-speakers-club","true","2026-09-25","official","Asia-Pacific"
"pinnacle-advanced-colombo-srilanka","Pinnacle Advanced Toastmasters Club","04278308","","Sri Lanka","Colombo","https://www.toastmasters.org/Find-a-Club/04278308-pinnacle-advanced-toastmasters-club","Monday","18:00","Asia/Colombo","150","1st & 3rd Monday","hybrid","English","","","","May have professional/educational prerequisites; contact club first","","","advanced","ADVANCED","","In-person at Courtyard by Marriott Colombo with online attendance allowed. 6pm Colombo = ~8:30am ET (EDT) previous cutoff - borderline early morning ET fit.","https://www.toastmasters.org/Find-a-Club/04278308-pinnacle-advanced-toastmasters-club","true","2026-09-25","official","Asia-Pacific"
"central-colombo-srilanka","Central Colombo Toastmasters Club","07860947","","Sri Lanka","Colombo","https://www.toastmasters.org/Find-a-Club/07860947-central-colombo-toastmasters-club","Sunday","15:45","Asia/Colombo","165","2nd & 4th Sunday","hybrid","English","","","","Guests welcome, no obligation to participate","","","general","PRACTICE","","Meets at La Trobe University campus, Colombo; online attendance allowed.","https://www.toastmasters.org/Find-a-Club/07860947-central-colombo-toastmasters-club","true","2026-09-25","official","Asia-Pacific"
"cma-srilanka-colombo","CMA Sri Lanka Toastmasters Club","04903005","","Sri Lanka","Colombo","https://www.toastmasters.org/Find-a-Club/04903005-cmasrilankatoastmastersclub","Thursday","18:00","Asia/Colombo","120","2nd & 4th Thursday","hybrid","English","","","","May have professional/educational prerequisites; contact club first","","","professional","PROFESSIONAL","","Hosted at CMA Sri Lanka Institute; online attendance allowed. 6pm Colombo (IST equivalent) ~8:30am ET (EDT).","https://www.toastmasters.org/Find-a-Club/04903005-cmasrilankatoastmastersclub","true","2026-09-25","official","Asia-Pacific"
"world-travelers-singapore","World Travelers Toastmasters Club","07967939","","Singapore","Singapore","https://www.toastmasters.org/Find-a-Club/07967939-world-travelers-toastmasters-club","Saturday","22:00","Asia/Singapore","90","2nd & 4th Saturday","online","English","","","","Guests welcome, no obligation to participate","","","general","PRACTICE","","Online-only club via Zoom. Sat 10pm SGT = Sat 10am ET (EDT) - outside overnight window but a weekend option; other Singapore clubs below fit better.","https://www.toastmasters.org/Find-a-Club/07967939-world-travelers-toastmasters-club","true","2026-09-25","official","Asia-Pacific"
"singapore-international-tm","Singapore International Toastmasters","07983554","","Singapore","Singapore","https://www.toastmasters.org/Find-a-Club/07983554-singapore-international-toastmasters","Friday","20:45","Asia/Singapore","135","weekly","online","English","","","","Guests welcome, no obligation to participate","","","general","PRACTICE; INTERNATIONAL","","Official page listed location oddly as 'Singapore, NSW, Australia' alongside club name/number suggesting Singapore; timezone taken as Asia/Singapore based on club name - flagged as a minor data inconsistency to double check before joining. Fri 8:45pm SGT = Fri 8:45am ET (EDT), so it lands in the morning ET, not evening.","https://www.toastmasters.org/Find-a-Club/07983554-singapore-international-toastmasters","true","2026-09-25","official","Asia-Pacific"
"bd-toastmasters-singapore","BD Toastmasters Club Singapore","07434933","","Singapore","Singapore","https://www.toastmasters.org/Find-a-Club/07434933-07434933","Tuesday","16:00","Asia/Singapore","90","3rd Tuesday","hybrid","English","","","","May have professional/educational prerequisites; contact club first","","","business","PROFESSIONAL","","BD Strategy office / online, hybrid format. 4pm SGT = 4am ET (EDT) - within the overnight window.","https://www.toastmasters.org/Find-a-Club/07434933-07434933","true","2026-09-25","official","Asia-Pacific"
"kl-advanced-malaysia","Kuala Lumpur Advanced Toastmasters Club","00001982","","Malaysia","Kuala Lumpur","https://www.toastmasters.org/Find-a-Club/00001982-kuala-lumpur-advanced-toastmasters-club","Monday","19:30","Asia/Kuala_Lumpur","90","1st, 3rd & 5th Monday","hybrid","English","","","","Guests welcome, no obligation to participate","","","advanced","ADVANCED","","1st & 3rd Monday meetings are online; 5th Monday is hybrid in Bangsar-Sentral area. 7:30pm MYT = 7:30am ET (EDT) - early-morning ET fit.","https://www.toastmasters.org/Find-a-Club/00001982-kuala-lumpur-advanced-toastmasters-club","true","2026-09-25","official","Asia-Pacific"
"central-south-malaysia-advanced","Central South Malaysia Advanced Toastmasters Club","28675438","","Malaysia","Melaka","https://www.toastmasters.org/Find-a-Club/28675438-central-south-malaysia-advanced-toastmasters-club","Tuesday","20:00","Asia/Kuala_Lumpur","90","weekly/monthly (unspecified)","hybrid","English","","","","May have professional/educational prerequisites; contact club first","","","advanced","ADVANCED","","In-person in Melaka with online attendance allowed. 8pm MYT = 8am ET (EDT) - right at the edge of the target window.","https://www.toastmasters.org/Find-a-Club/28675438-central-south-malaysia-advanced-toastmasters-club","true","2026-09-25","official","Asia-Pacific"
"telekom-malaysia-kl","Telekom Malaysia Toastmasters Club, KL","00008052","","Malaysia","Kuala Lumpur","https://www.toastmasters.org/Find-a-Club/00008052-00008052","Wednesday","12:30","Asia/Kuala_Lumpur","90","2nd & 4th Wednesday","hybrid","English","","","","May have professional/educational prerequisites; contact club first","","","business","PROFESSIONAL","","Described as operating in an online format with a physical TM Annexe address in KL. 12:30pm MYT = 12:30am ET (EDT) - solidly within overnight window.","https://www.toastmasters.org/Find-a-Club/00008052-00008052","true","2026-09-25","official","Asia-Pacific"
"alcon-malaysia-pj","Alcon Malaysia Toastmasters Club","28677247","","Malaysia","Petaling Jaya","https://www.toastmasters.org/Find-a-Club/28677247-alcon-malaysia-toastmasters-club","Wednesday","10:00","Asia/Kuala_Lumpur","90","2nd & 4th Wednesday","hybrid","English","","","","May have professional/educational prerequisites; contact club first","","","business","PROFESSIONAL","","In-person at Alcon Malaysia office with online attendance allowed. 10am MYT = 10pm ET the previous day (EDT) - good overnight fit.","https://www.toastmasters.org/Find-a-Club/28677247-alcon-malaysia-toastmasters-club","true","2026-09-25","official","Asia-Pacific"
"esg-mia-kl","ESG-MIA High Achiever Grooming Toastmasters Club","07903951","","Malaysia","Kuala Lumpur","https://www.toastmasters.org/Find-a-Club/07903951-07903951","Thursday","19:30","Asia/Kuala_Lumpur","90","2nd Thursday & 4th Saturday","hybrid","English","","","","Guests welcome, no obligation to participate","","","general","PRACTICE","","2nd Thursday meets 7:30pm; 4th Saturday meets 3:00pm (both Asia/Kuala_Lumpur). Hybrid/online participation available. 7:30pm MYT = 7:30am ET (EDT).","https://www.toastmasters.org/Find-a-Club/07903951-07903951","true","2026-09-25","official","Asia-Pacific"
"brics-plus-online-advanced-china","BRICS+ Online Advanced Toastmasters Club","","","China","Online (China-based)","https://www.facebook.com/bricstmc","Saturday","19:00","Asia/Shanghai","90","weekly","online","English","","","","","","","advanced","ADVANCED","","Listed on toastmost.org online club directory as an Advanced club; could not independently confirm on toastmasters.org (club number not found in search). 7pm CST = 7am ET (EDT) - right at edge of window.","https://toastmost.org/online-clubs-directory/","true","2026-09-25","aggregator","Asia-Pacific"
"changeway-bilingual-suzhou-china","Changeway Bilingual Online Advanced Toastmasters Club","28677280","","China","Suzhou","https://www.toastmasters.org/Find-a-Club/28677280-changeway-bilingual-online-advanced-toastmasters-club","Monday","19:00","Asia/Shanghai","90","weekly","online","English/Chinese","","","","Guests welcome, no obligation to participate","","","advanced","ADVANCED","","Bilingual club; online format per official page. 7pm CST Mon = 7am ET (EDT) Mon - edge of window.","https://www.toastmasters.org/Find-a-Club/28677280-changeway-bilingual-online-advanced-toastmasters-club","true","2026-09-25","official","Asia-Pacific"
"tokyo-toastmasters-club-japan","Tokyo Toastmasters Club","00001674","","Japan","Tokyo","https://www.toastmasters.org/Find-a-Club/00001674-tokyo-toastmasters-club","Thursday","19:00","Asia/Tokyo","90","1st & 3rd Thursday","hybrid","English","","","","Guests welcome, no obligation to participate","","","general","PRACTICE","one of Toastmasters' oldest clubs outside North America (est. 1954)","Chartered 1954. Meets at Kudan Lifelong Learning Hall and online. 7pm JST = 6am ET (EDT) - within window.","https://www.toastmasters.org/Find-a-Club/00001674-tokyo-toastmasters-club","true","2026-09-25","official","Asia-Pacific"
"tokyo-metropolitan-japan","Tokyo Metropolitan Toastmasters Club","01523370","","Japan","Tokyo","https://www.toastmasters.org/Find-a-Club/1523370-tokyo-metropolitan-toastmasters-club","Saturday","10:00","Asia/Tokyo","120","4th Saturday (English session); 2nd Saturday is Japanese session","hybrid","English","","","","Guests welcome, no obligation to participate","","","general","PRACTICE","","2nd Saturday sessions run in Japanese; 4th Saturday sessions run in English, both 10am-12pm JST, online attendance available. 10am JST Sat = 9pm ET Fri (EDT) - good weekend late-night fit.","https://www.toastmasters.org/Find-a-Club/1523370-tokyo-metropolitan-toastmasters-club","true","2026-09-25","official","Asia-Pacific"
"tokyo-international-japan","Tokyo International Toastmasters Club","01039199","","Japan","Tokyo","https://www.toastmasters.org/Find-a-Club/01039199-tokyo-international-toastmasters-club","Wednesday","19:00","Asia/Tokyo","90","2nd, 4th & 5th Wednesday","hybrid","English","","","","Guests welcome, no obligation to participate","","","international","PRACTICE; INTERNATIONAL","","In-person at Shinagawa Citizens Hall with online attendance allowed. 7pm JST = 6am ET (EDT) - within window.","https://www.toastmasters.org/Find-a-Club/01039199-tokyo-international-toastmasters-club","true","2026-09-25","official","Asia-Pacific"
"bloomberg-tokyo-japan","Bloomberg Tokyo English/Japanese Toastmasters","05420274","","Japan","Tokyo","https://www.toastmasters.org/Find-a-Club/05420274-bloombergtokyoenglishjapanesetoastmasters","Wednesday","12:00","Asia/Tokyo","60","2nd & 4th Wednesday","hybrid","English/Japanese","","","","May have professional/educational prerequisites; contact club first","","","business","PROFESSIONAL","","Lunchtime bilingual club at Bloomberg's Marunouchi office; online attendance allowed. Noon JST = 11pm ET the previous day (EDT) - fits overnight window well.","https://www.toastmasters.org/Find-a-Club/05420274-bloombergtokyoenglishjapanesetoastmasters","true","2026-09-25","official","Asia-Pacific"
"lseg-japan-tokyo","LSEG Japan Toastmasters Club","28677087","","Japan","Tokyo","https://www.toastmasters.org/Find-a-Club/28677087-lseg-japan-toastmasters-club","Wednesday","12:00","Asia/Tokyo","60","2nd Thursday & 4th Wednesday","hybrid","English","","","","May have professional/educational prerequisites; contact club first","","","business","PROFESSIONAL","","Corporate club at LSEG's Akasaka Biz Tower office, Tokyo; online attendance allowed. Noon JST = 11pm ET previous day (EDT).","https://www.toastmasters.org/Find-a-Club/28677087-lseg-japan-toastmasters-club","true","2026-09-25","official","Asia-Pacific"
"sunday-bilingual-seoul-korea","Sunday Bilingual Toastmasters","01817805","","South Korea","Seoul","https://www.toastmasters.org/Find-a-Club/01817805-sunday-bilingual-toastmasters","Sunday","16:00","Asia/Seoul","120","1st & 3rd Sunday","hybrid","English/Korean","","","","Guests welcome, no obligation to participate","","","general","PRACTICE","","Bilingual club in Seocho-gu, Seoul; in-person and online attendance both welcomed. 4pm KST Sun = 3am ET Sun (EDT) - good weekend overnight fit.","https://www.toastmasters.org/Find-a-Club/01817805-sunday-bilingual-toastmasters","true","2026-09-25","official","Asia-Pacific"
"english-conversation-taiwan","English Conversation Toastmasters Club","05518097","","Taiwan","Taipei (online)","https://www.toastmasters.org/Find-a-Club/05518097-05518097","Tuesday","20:00","Asia/Taipei","90","1st & 3rd Tuesday","online","English","","","","Guests welcome, no obligation to participate","","","general","PRACTICE","","Online only via Zoom (room opens 7:40pm). 8pm Taipei = 8am ET (EDT) - right at the edge of the target window.","https://www.toastmasters.org/Find-a-Club/05518097-05518097","true","2026-09-25","official","Asia-Pacific"
"universitas-indonesia-depok","Universitas Indonesia Toastmasters Club","01197998","","Indonesia","Depok","https://www.toastmasters.org/Find-a-Club/1197998-universitas-indonesia-toastmasters-club","Wednesday","18:30","Asia/Jakarta","120","weekly","hybrid","English","","","","Guests welcome, no obligation to participate","","","general","PRACTICE","","Explicitly described as 'Online Zoom & Hybrid (online and Onsite)'. 6:30pm WIB = 7:30am ET (EDT) - edge of window.","https://www.toastmasters.org/Find-a-Club/1197998-universitas-indonesia-toastmasters-club","true","2026-09-25","official","Asia-Pacific"
"jakarta-toastmasters-club","Jakarta Toastmasters Club","00004067","","Indonesia","Jakarta","https://www.toastmasters.org/Find-a-Club/00004067-jakarta-toastmasters-club","Monday","19:00","Asia/Jakarta","90","weekly","hybrid","English","","","","Guests welcome, no obligation to participate","","","general","PRACTICE","","Chartered 1979, one of the oldest clubs in Indonesia. Meets at Ministry of Education Library, Jakarta; online attendance allowed. 7pm WIB = 8am ET (EDT) - edge of window.","https://www.toastmasters.org/Find-a-Club/00004067-jakarta-toastmasters-club","true","2026-09-25","official","Asia-Pacific"
"cloud-122-pakistan","Cloud 122","","D122","Pakistan","Online (Pakistan)","https://web.facebook.com/Cloud122TMClub","Friday","19:00","Asia/Karachi","105","weekly","online","English","","","","","","","general","PRACTICE","","Listed as the online-only club for District 122 Pakistan on the district's official club list page. 7pm PKT Fri = 9am ET Fri (EDT) - outside overnight window but included as Pakistan's clearest online option.","https://www.toastmasters.pk/join/clubs-in-district-122tc/","true","2026-09-25","district","Asia-Pacific"
"ghd-manila-philippines","GHD Manila Toastmasters Club","00001871","D75","Philippines","Makati City","https://www.toastmasters.org/Find-a-Club/00001871-ghd-manila-toastmasters-club","Wednesday","12:00","Asia/Manila","120","2nd & 4th Wednesday","hybrid","English","","","","Guests welcome, no obligation to participate","","","business","PROFESSIONAL","","GHD corporate club, hybrid (Zoom/Teams + in-person, Makati/Cebu). Noon PHT = midnight ET (EDT) - solidly within overnight window.","https://www.toastmasters.org/Find-a-Club/00001871-ghd-manila-toastmasters-club","true","2026-09-25","official","Asia-Pacific"
"gsc-philippines-qc","GSC Philippines Toastmasters Club","07825501","D75","Philippines","Quezon City","https://www.toastmasters.org/Find-a-Club/07825501-gsc-philippines-toastmasters-club","Friday","18:00","Asia/Manila","120","2nd & 4th Friday","hybrid","English","","","","Corporate club for HSBC GSC PH employees; online attendance allowed","","","business","PROFESSIONAL","","HSBC GSC Philippines corporate club; hybrid in-person/Zoom. 6pm PHT = 6am ET (EDT) - within window.","https://www.toastmasters.org/Find-a-Club/07825501-gsc-philippines-toastmasters-club","true","2026-09-25","official","Asia-Pacific"
"adp-philippines-makati","ADP Philippines Toastmasters Club","28676878","D75","Philippines","Makati","https://www.toastmasters.org/Find-a-Club/28676878-adp-philippines-toastmasters-club","Friday","04:00","Asia/Manila","90","weekly","hybrid","English","","","","May have professional/educational prerequisites; contact club first","","","business","PROFESSIONAL","","Corporate ADP club with an unusually early 4am PHT start (likely timed for a US-based ADP team); online attendance allowed. 4am PHT Fri = 4pm ET Thu (EDT) - outside the target overnight window despite the early local hour.","https://www.toastmasters.org/Find-a-Club/28676878-adp-philippines-toastmasters-club","true","2026-09-25","official","Asia-Pacific"
"up-manila-club","UP Manila Club","00009225","D75","Philippines","Manila","https://www.toastmasters.org/Find-a-Club/00009225-up-manila-club","Saturday","15:00","Asia/Manila","120","2nd & 4th Saturday","hybrid","English","","","","Guests welcome, no obligation to participate","","","general","PRACTICE","","Meets at UP Manila College of Public Health; online attendance allowed. 3pm PHT Sat = 3am ET Sat (EDT) - good weekend overnight fit.","https://www.toastmasters.org/Find-a-Club/00009225-up-manila-club","true","2026-09-25","official","Asia-Pacific"
"global-elite-hongkong","Global Elite Toastmasters Club","","","Hong Kong","Causeway Bay","https://www.globalelitetoastmasters.org/events","Wednesday","19:30","Asia/Hong_Kong","120","biweekly","hybrid","English","","","","","","","general","PRACTICE","active - upcoming meetings scheduled through Dec 2026","Alternates between in-person (Police Officers' Club, Causeway Bay) and Zoom sessions every other Wednesday. 7:30pm HKT = 7:30am ET (EDT) - edge of window.","https://www.globalelitetoastmasters.org/events","true","2026-09-25","official","Asia-Pacific"