Club,Club #,City,Meeting day,Meeting time,Where,Address,Online attendance,Contact email,Contact phone,Website,Facebook,Membership restricted,Still forming,District,Miles from downtown Orlando,Toastmasters page
Vista Toastmasters,7250,Online (Orlando-based),Every Thursday ,7:00 pm - 8:30 pm,"Zoom Meeting ID: 853 278 5238/PW: 85917 · We are on Zoom, Meeting ID: 853 278 5238  Passcode: 85917",,Yes,vistatoastmasters.zoom@gmail.com,+19048108751,https://7250.toastmastersclubs.org/,https://www.facebook.com/VistaToastmasters/,,,84,0.1,https://www.toastmasters.org/Find-a-Club/00007250-00007250
The Reliable Speakers,1430577,Orlando,Thursday,12:00 pm,Orlando Utilities Commission,100 W Anderson St 32801,Yes,rgreenberg@ouc.com,,http://1430577.toastmastersclubs.org/,https://www.facebook.com/reliablespeakers,,,84,0.1,https://www.toastmasters.org/Find-a-Club/01430577-01430577
Citrus Toastmasters,4161607,Orlando,Friday,7:30 am,Citrus Club Orlando,255 S Orange Ave Suite 1800 32801,No,citrustoastmasters@gmail.com,+19548047579,https://www.facebook.com/CitrusToastmasters/,https://www.facebook.com/CitrusToastmasters/,,,84,0.3,https://www.toastmasters.org/Find-a-Club/04161607-04161607
Orange County Toastmasters,129,Orlando,Wednesday,12:15 pm,Orange County Internal Ops. Ctr. - 1 · 1st Floor Conference Room (Marco/Largo),"450 E. South Street, 1st 32803",Yes,annckadams@gmail.com,+13215276153,http://orangecountytoastmasters.toastmastersclubs.org/,https://www.facebook.com/Downtown-Orlando-Orange-County-Toastmasters-Club-129-District-84-666592026740837/,,,84,0.5,https://www.toastmasters.org/Find-a-Club/00000129-00000129
Downtown Toastmasters Club,6084,Orlando,Wednesday,7:30 am,Valencia College UnionWest · Room 111 (UW111),601 W Livingston St. 32801,No,downtowntoastmastersorlando@gmail.com,+13212790246,http://www.downtowntoastmasters.com/,https://www.facebook.com/groups/58901770881/,,,84,0.8,https://www.toastmasters.org/Find-a-Club/00006084-00006084
Orlando Toastmasters Club,28,Orlando,Thursdays,7:00 pm,(Upstairs on the second Floor)  · To the right of elevator,"Grace Covenant Presbyterian Church , 1655 Peel Ave 32806",No,orlandotm28@gmail.com,+14076947544,https://28.toastmastersclubs.org/,https://www.facebook.com/ToastmasterClub28Orlando,,,84,2.0,https://www.toastmasters.org/Find-a-Club/00000028-00000028
Let's Talk Toastmasters Club,4413,Orlando,Mondays,7:00 - 8:30 pm,Tulip Nails- Downtown Orlando · https://us02web.zoom.us/j/82042838539,2513 East Colonial Dr  32803,Yes,toastmasters.4413@gmail.com,+14075496852,http://4413.toastmastersclubs.org/,https://www.facebook.com/letstalktoastmastersorlando,,,84,2.0,https://www.toastmasters.org/Find-a-Club/00004413-00004413
O-Town Toastmasters,6304,Orlando,2nd & 4th Tuesday of the Month,12:00 noon - 1:00 pm,1st Unitarian Church of Orlando ·,"1901 E. Robinson St., Assembly Room 32803",No,club6304@gmail.com,+14074312549,,https://www.facebook.com/share/F6x1sPVjus79omXw/,,,84,2.6,https://www.toastmasters.org/Find-a-Club/00006304-00006304
St. Mark AME Text Talkers,1316760,Orlando,Thursday,6:30 pm,Virtually on Zoom: 857 1505 1243 · St. Mark AME Church- (in-Person) 3rd Thursday,1968 Bruton Blvd 32805-5136,Yes,tttclub1316760@gmail.com,+13214367960,http://texttalkers.com/,www.facebook.com/TextTalkers,,,84,3.1,https://www.toastmasters.org/Find-a-Club/01316760-01316760
Club Orange,1003419,Orlando,2nd & 4th Wednesdays (contact for link),4 - 5 p.m.,"Orange County Corrections Dept. · Administration Bldg., 4th floor, conference room 1",3723 Vision Blvd 32839,Yes,maddy.wright@ocfl.net,+14072641520,,,,,84,3.2,https://www.toastmasters.org/Find-a-Club/01003419-01003419
CEO Toastmasters,4926540,Orlando,Tuesday,8:00 - 9:00 am,Online every Tuesday via Zoom  · Contact us for the Zoom meeting ID,Online Meeting 32826-3230,Yes,vpmembershipceotm@gmail.com,+15052630337,https://easy-speak.org/view_meeting.php?c=7821&show=next,https://www.facebook.com/CEOToastmastersOrlando,,,84,3.8,https://www.toastmasters.org/Find-a-Club/04926540-04926540
Winter Park Toastmasters Club,3674,Winter Park,Friday,7:25 am,Winter Park Community Center,721 New England Avenue 32789-5486,No,BrandonMoorefl@gmail.com,+14074769279,http://www.wptm.org/,https://www.facebook.com/WinterParkToastmasters/,,,84,4.2,https://www.toastmasters.org/Find-a-Club/00003674-00003674
Lideres en Comunicacion,28678515,Orlando,Wednesday,10:00 am,ORRA - Annex,5405 Diplomat Circle 32810,No,realtor.peterlopez@gmail.com,+13219874776,https://28678515.toastmastersclubs.org/,https://www.facebook.com/profile.php?id=61577950381674,,,84,5.0,https://www.toastmasters.org/Find-a-Club/28678515-28678515
Leaders In Communication,1848187,Orlando,Wednesday,12 pm,"5405 Diplomat Circle, Orlando FL 32810 · Building is behind the Home Depot and then to the right side of the ORRA HQ",5405 Diplomat Circle 32810-5851,No,TimLingerDTM@GMAIL.com,+13213569229,https://1848187.toastmastersclubs.org/,https://www.facebook.com/LeadersInCommunication/,,,84,5.1,https://www.toastmasters.org/Find-a-Club/01848187-01848187
OneADP Orlando Toastmasters,28676986,Maitland,1st & 3rd Tuesdays,2:00 PM - 3:00 PM,Westwood's Building - 2599 Lucien Way · Eastwood's Building - 2405 Lucien Way,2599 Lucien Way 32751,Yes,Jordan.Wilson.TM@gmail.com,+13216952516,https://28676986.toastmastersclubs.org/,,Yes,,84,5.9,https://www.toastmasters.org/Find-a-Club/28676986-28676986
Voices of Maitland Club,803758,Altamonte Springs,1st and 3rd Tuesday,12:00 - 1:00pm,"AdventHealth Corporate Campus · Support Center Building, 3rd Floor - Restore 3",893 Hope Way 32714,Yes,Jose.M.Rodriguez@adventhealth.com,+14079291415,http://voicesofmaitland.toastmastersclubs.org/,,,,84,7.5,https://www.toastmasters.org/Find-a-Club/00803758-00803758
Twilite Club,1669,Orlando,Tuesday,12:05pm,Virtual · Open to Lockheed employees only,Lockheed Martin Corporate Club 32819,Yes,eva.m.simmons-brinson@lmco.com,,,,Yes,,84,8.1,https://www.toastmasters.org/Find-a-Club/00001669-00001669
IAAPA Toastmasters,28679930,Orlando,2nd & 4th Monday,8:00am,IAAPA HQ,4155 W. Taft Vineland Rd. 32837,Yes,Mglorit@iaapa.org,+13213197642,,,Yes,,84,8.6,https://www.toastmasters.org/Find-a-Club/28679930-28679930
Orlando International Club,8503,Orlando,Wednesday,7:00 pm,Dr. Phillips YMCA,7000 Dr Phillips Blvd 32819,No,ointtoastmasters@gmail.com,+14072222608,http://orlando.toastmastersclubs.org/,https://www.facebook.com/OrlIntToastmasters/,,,84,8.7,https://www.toastmasters.org/Find-a-Club/00008503-00008503
Articulators Club,6193,Altamonte Springs,Online weekly. In person - 2nd Thursday,7:30 am,Online weekly.  In person - 2nd Thursday · https://us02web.zoom.us/j/87411966214?pwd=TlpGamwvYkhzcWF0VDg4eEdhZXdqZz09,200 S State Rd 434 32714,Yes,scott@hardieconsulting.com,+12602000194,http://www.tm6193.org/,https://www.facebook.com/ArticulatorsToastmastersClub,,,84,8.8,https://www.toastmasters.org/Find-a-Club/00006193-00006193
Turnpike Toasters Club,2362,Ocoee,Tuesday,12:00 pm,Online Microsoft Teams,Online Virtual & Hybrid 34761,Yes,turnpiketoastersclub@gmail.com,+14072643335,http://2362.toastmastersclubs.org/,https://www.facebook.com/groups/185217742065641/,,,84,9.8,https://www.toastmasters.org/Find-a-Club/00002362-00002362
Central Florida Facilitators 9958,9958,Altamonte Springs,Tuesdays,7:40 am network. Start 8:00 am,Seminole County Sheriff's Community Anne · Seminole County Sheriff's Community Annex,120 West Pineview St 32714-2576,No,contact-9958@toastmastersclubs.org,+13213569229,https://9958.toastmastersclubs.org/,https://www.facebook.com/groups/241930195386,,,84,9.8,https://www.toastmasters.org/Find-a-Club/00009958-00009958
Travel + Leisure Easy Speaker,1475643,Orlando,Wednesday,12:00 pm,online · Employees of TNL only,zoom restricted access 32821,Yes,debi.londono@travelandleisure.com,+19543305806,,,Yes,,84,9.9,https://www.toastmasters.org/Find-a-Club/01475643-01475643
FAIRWINDS Speaks,7762931,Orlando,2nd & 4th Thursday - Employees Only ,8:00 AM,FAIRWINDS Support Center,3087 N Alafaya Trl 32826-3205,Yes,lroderick@fairwinds.org,+14072775045,,,Yes,,84,10.9,https://www.toastmasters.org/Find-a-Club/07762931-07762931
Energy Speakeasy,2212317,Orlando,1st Thursday of the Month,12:00 pm,"Siemens Energy, Inc. · Hybrid (MS Teams)","4400 Alafaya Trial, QI - 2M25 32826",Yes,gladys.raimundo@siemens-energy.com,+14074930569,https://easy-speak.org/portal.php?page=13066,,Yes,,84,11.2,https://www.toastmasters.org/Find-a-Club/02212317-02212317
Winter Springs Toastmasters Club,6716172,Winter Springs,Tuesdays,7:00 PM - 8:00 PM,"MS Teams, please email for address · Online Club Only, Address is for clerical purposes only","Online Club Only, Online Club Only 32708",Yes,WSTM32708@gmail.com,+17652767786,https://wstmclub.toastmastersclubs.org/,https://www.facebook.com/wstm.club,,,84,12.0,https://www.toastmasters.org/Find-a-Club/06716172-06716172
"Apopka Foliage, Club 840",840,Apopka,Wednesdays,7:00 pm,Museum of Apopkans · WE MEET IN PERSON AND ON ZOOM,120 E. 5th St. 32703-5346,Yes,tmapk84@outlook.com,+14077652629,http://apopkatoastmasters.com/,,,,84,12.1,https://www.toastmasters.org/Find-a-Club/00000840-00000840
Oviedo Toastmasters,3179,Oviedo,Thursday,7:00 pm,IHOP Oviedo · Google Meet Video call link: https://meet.google.com/dyi-sgmb-mrd,"17 Alafaya Woods Blvd, #101 32765",Yes,boehm0388@gmail.com,+14074861882,https://oviedo.toastmastersclubs.org/,https://www.facebook.com/profile.php?id=61560524965384,,,84,13.1,https://www.toastmasters.org/Find-a-Club/00003179-00003179
Lake Nona Toastmasters Club,695848,Orlando,Every Tuesday, at 6:30 pm,Northwestern Mutual Lake Nona Office · KPMG Building,"6820 Marwick LN, Suite 100 32827",Yes,scambridge@gmail.com,+14076035686,http://lakenona.toastmastersclubs.org/,https://www.facebook.com/lakenonatm,,,84,13.1,https://www.toastmasters.org/Find-a-Club/00695848-00695848
Weekend Toastmasters,3117640,Winter Springs,1st & 3rd Sundays each month,3:00 pm - 4:15 pm (EST) ,In Person: 1491 East State Rd. 434 · Zoom Meeting ID: 995 0171 1830,In Person: 1491 East State Rd. 434 32708,Yes,weekendtoastmastersclub@gmail.com,+19049945544,http://3117640.toastmastersclubs.org/,https://www.facebook.com/pages/Weekend-Toastmasters/1519639788319958?ref=bookmarks,,,84,13.6,https://www.toastmasters.org/Find-a-Club/03117640-03117640
World Toasters,1917,Lake Buena Vista,Wednesday,7:05 am,CURRENTLY VIA ZOOM (see website) · WDW Disney University (visit front desk),5555 Center Dr 32830,Yes,worldtoasters1917@hotmail.com,+14073752479,https://1917.toastmastersclubs.org/,https://www.facebook.com/worldtoasters1917?mibextid=ZbWKwL,Yes,,84,14.3,https://www.toastmasters.org/Find-a-Club/00001917-00001917
Osceola Club,1841,Kissimmee,Friday,7:30 am,Kissimmee Utility Authority,1701 W Carroll St 34741-6804,No,r.neilallen@gmail.com,+114074911152,1841.toastmastersclubs.org,https://www.facebook.com/TheNewOsceolaToastmastersClub,,,84,14.7,https://www.toastmasters.org/Find-a-Club/00001841-00001841
Evernorth Toasties,28678799,Lake Mary,1st & 3rd Wednesday,12:00PM,Corporate Club- RM 114/ Virtual,255 Technology Park 32746,Yes,RWelsh@curascript.com,+18665676546,,,Yes,,84,15.6,https://www.toastmasters.org/Find-a-Club/28678799-28678799
Lake Mary Toastmasters,6440,Lake Mary,Tuesday,7:30 am ,INPERSON:SEMINOLE COUNTY SHERIFFS OFFICE · ONLINE: Zoom Meeting ID 335 384 428 Passcode 625124,"805 Primera Blvd., Community Room 32746",Yes,lakemary@lakemarytoastmasters.org,+13212623626,https://sites.google.com/a/lakemarytoastmasters.org/main,https://www.facebook.com/#!/groups/261617127183259,,,84,15.8,https://www.toastmasters.org/Find-a-Club/00006440-00006440
Kissimmee Toastmasters Club,1353567,Kissimmee,Saturdays,9:30 AM,Hart Memorial Library · Hart Memorial Library,"211 E Dakin Ave, Lillie Rm 34741",No,contact-1353567@toastmastersclubs.org,+13076313929,https://1353567.toastmastersclubs.org/,https://www.facebook.com/groups/HuntersCreekToasmasters,,,84,17.1,https://www.toastmasters.org/Find-a-Club/01353567-01353567
The Toast of Celebration,6649049,Kissimmee,Tuesdays,7:00 PM,Zoom ID 407 407 5555  Pass 407407 · Wilson Restaurant 2nd Floor,"225 Celebration Place , Melia Orlando Celebration Hotel     34747",Yes,contact-6649049@toastmastersclubs.org,+14079004720,https://6649049.toastmastersclubs.org/agenda-02432081.html,https://www.facebook.com/TOASTOFCELEBRATION/,,,84,17.2,https://www.toastmasters.org/Find-a-Club/06649049-06649049
BNY Lake Mary Toastmasters,1554913,Lake Mary,3rd Tuesday,12:00 PM,BNY or BNY Pershing · LIMITED TO ACTIVE EMPLOYEES OF BNY OR BNY PERSHING Only,300 Colonial Center Pkwy  32746,Yes,ToastmastersLakeMaryBoard@bnymellon.com,,,,Yes,,84,17.5,https://www.toastmasters.org/Find-a-Club/01554913-01554913
Omni Toastmasters Club 6861,6861,Sanford,Thursday,5:45 pm,Online weekly & hybrid 4th Thurs ea. mo. · Robertson House (behind Lakeside United Methodist Church),"121 N. Henderson Dr, 32771",Yes,vpm-6861@toastmastersclubs.org,+14079271031,http://6861.toastmastersclubs.org/,https://www.facebook.com/omni6861,,,84,19.0,https://www.toastmasters.org/Find-a-Club/00006861-00006861
Clermont Toastmasters,1948459,Minneola,Monday,7:00 PM,Minneola Executive Center,"506 S Hwy 27, Suite 102 34715",No,barbaraamato2@gmail.com,+13522670122,http://www.clermonttoastmasters.org/,https://www.facebook.com/ClermontToastmasters?fref=ts,,,84,21.2,https://www.toastmasters.org/Find-a-Club/01948459-01948459
The Golden Triangle Toastmasters,28677608,Eustis,Mondays,5:45pm,Eustis Chamber Building,1 W Orange 32726,No,Peterkenjosian@msn.com,+13524554573,,,,,84,28.6,https://www.toastmasters.org/Find-a-Club/28677608-28677608
"orlando, FL Prospective Club",28680356,Orlando,,,,32819,Yes,rushfam@hotmail.com,,,,,Yes,84,8.3,https://www.toastmasters.org/Find-a-Club/28680356-28680356
Lake Mary FL Pros Club,28679506,Lake Mary,,,Mitsubishi Power Americas,32746,Yes,arturo.perez@amermhi.com,,,,Yes,Yes,84,15.4,https://www.toastmasters.org/Find-a-Club/28679506-28679506
Tavares FL Pros Club,28680022,Tavares,Friday,12:00 pm - 1:00 pm,,300 E Main St 32778,No,Wendysloan2005@yahoo.com,,,,,Yes,84,27.8,https://www.toastmasters.org/Find-a-Club/28680022-28680022
